gt_side0,gt_side1,gt_side2,gt_side3,gt_side4,gt_side5,gt_side6,gt_side7,gt_side8,gt_side9,gt_side10,gt_side11,gt_side12,gt_side13,gt_side14,gt_side15,images_left0,images_left1,images_left2,images_left3,images_left4,images_left5,images_left6,images_left7,images_left8,images_left9,images_left10,images_left11,images_left12,images_left13,images_left14,images_left15,images_right0,images_right1,images_right2,images_right3,images_right4,images_right5,images_right6,images_right7,images_right8,images_right9,images_right10,images_right11,images_right12,images_right13,images_right14,images_right15,image_target00,image_target01,image_target02,image_target03,image_target04,image_target05,image_target06,image_target07,image_target08,image_target09,image_target010,image_target011,image_target012,image_target013,image_target014,image_target015
left,right,left,left,left,right,right,left,right,right,left,left,left,right,left,left,training/baseline/00000.jpg,training/wrong_translation/00001.jpg,training/baseline/00002.jpg,training/baseline/00003.jpg,final_method_vs_no_orthog/baseline/00166.jpg,final_method_vs_no_orthog/final_method/00101.jpg,final_method_vs_no_orthog/final_method/00116.jpg,final_method_vs_no_orthog/baseline/00006.jpg,final_method_vs_no_orthog/final_method/00333.jpg,final_method_vs_no_orthog/final_method/00250.jpg,final_method_vs_no_orthog/baseline/00288.jpg,final_method_vs_no_orthog/baseline/00289.jpg,final_method_vs_no_orthog/baseline/00281.jpg,final_method_vs_no_orthog/final_method/00048.jpg,final_method_vs_no_orthog/baseline/00014.jpg,final_method_vs_no_orthog/baseline/00082.jpg,training/wrong_translation/00000.jpg,training/baseline/00001.jpg,training/wrong_translation/00002.jpg,training/wrong_translation/00003.jpg,final_method_vs_no_orthog/final_method/00166.jpg,final_method_vs_no_orthog/baseline/00101.jpg,final_method_vs_no_orthog/baseline/00116.jpg,final_method_vs_no_orthog/final_method/00006.jpg,final_method_vs_no_orthog/baseline/00333.jpg,final_method_vs_no_orthog/baseline/00250.jpg,final_method_vs_no_orthog/final_method/00288.jpg,final_method_vs_no_orthog/final_method/00289.jpg,final_method_vs_no_orthog/final_method/00281.jpg,final_method_vs_no_orthog/baseline/00048.jpg,final_method_vs_no_orthog/final_method/00014.jpg,final_method_vs_no_orthog/final_method/00082.jpg,training/gt/00000.jpg,training/gt/00001.jpg,training/gt/00002.jpg,training/gt/00003.jpg,final_method_vs_no_orthog/training/00166.jpg,final_method_vs_no_orthog/training/00101.jpg,final_method_vs_no_orthog/training/00116.jpg,final_method_vs_no_orthog/training/00006.jpg,final_method_vs_no_orthog/training/00333.jpg,final_method_vs_no_orthog/training/00250.jpg,final_method_vs_no_orthog/training/00288.jpg,final_method_vs_no_orthog/training/00289.jpg,final_method_vs_no_orthog/training/00281.jpg,final_method_vs_no_orthog/training/00048.jpg,final_method_vs_no_orthog/training/00014.jpg,final_method_vs_no_orthog/training/00082.jpg
left,right,left,right,left,right,left,right,left,left,right,right,left,right,right,left,training/baseline/00000.jpg,training/wrong_translation/00001.jpg,training/baseline/00002.jpg,training/wrong_translation/00003.jpg,final_method_vs_no_orthog/baseline/00326.jpg,final_method_vs_no_orthog/final_method/00337.jpg,final_method_vs_no_orthog/baseline/00206.jpg,final_method_vs_no_orthog/final_method/00111.jpg,final_method_vs_no_orthog/baseline/00202.jpg,final_method_vs_no_orthog/baseline/00319.jpg,final_method_vs_no_orthog/final_method/00123.jpg,final_method_vs_no_orthog/final_method/00036.jpg,final_method_vs_no_orthog/baseline/00224.jpg,final_method_vs_no_orthog/final_method/00091.jpg,final_method_vs_no_orthog/final_method/00059.jpg,final_method_vs_no_orthog/baseline/00026.jpg,training/wrong_translation/00000.jpg,training/baseline/00001.jpg,training/wrong_translation/00002.jpg,training/baseline/00003.jpg,final_method_vs_no_orthog/final_method/00326.jpg,final_method_vs_no_orthog/baseline/00337.jpg,final_method_vs_no_orthog/final_method/00206.jpg,final_method_vs_no_orthog/baseline/00111.jpg,final_method_vs_no_orthog/final_method/00202.jpg,final_method_vs_no_orthog/final_method/00319.jpg,final_method_vs_no_orthog/baseline/00123.jpg,final_method_vs_no_orthog/baseline/00036.jpg,final_method_vs_no_orthog/final_method/00224.jpg,final_method_vs_no_orthog/baseline/00091.jpg,final_method_vs_no_orthog/baseline/00059.jpg,final_method_vs_no_orthog/final_method/00026.jpg,training/gt/00000.jpg,training/gt/00001.jpg,training/gt/00002.jpg,training/gt/00003.jpg,final_method_vs_no_orthog/training/00326.jpg,final_method_vs_no_orthog/training/00337.jpg,final_method_vs_no_orthog/training/00206.jpg,final_method_vs_no_orthog/training/00111.jpg,final_method_vs_no_orthog/training/00202.jpg,final_method_vs_no_orthog/training/00319.jpg,final_method_vs_no_orthog/training/00123.jpg,final_method_vs_no_orthog/training/00036.jpg,final_method_vs_no_orthog/training/00224.jpg,final_method_vs_no_orthog/training/00091.jpg,final_method_vs_no_orthog/training/00059.jpg,final_method_vs_no_orthog/training/00026.jpg
right,right,left,right,left,left,left,right,right,right,right,left,right,right,right,left,training/wrong_translation/00000.jpg,training/wrong_translation/00001.jpg,training/baseline/00002.jpg,training/wrong_translation/00003.jpg,final_method_vs_no_orthog/baseline/00317.jpg,final_method_vs_no_orthog/baseline/00163.jpg,final_method_vs_no_orthog/baseline/00239.jpg,final_method_vs_no_orthog/final_method/00232.jpg,final_method_vs_no_orthog/final_method/00200.jpg,final_method_vs_no_orthog/final_method/00208.jpg,final_method_vs_no_orthog/final_method/00035.jpg,final_method_vs_no_orthog/baseline/00223.jpg,final_method_vs_no_orthog/final_method/00047.jpg,final_method_vs_no_orthog/final_method/00198.jpg,final_method_vs_no_orthog/final_method/00262.jpg,final_method_vs_no_orthog/baseline/00012.jpg,training/baseline/00000.jpg,training/baseline/00001.jpg,training/wrong_translation/00002.jpg,training/baseline/00003.jpg,final_method_vs_no_orthog/final_method/00317.jpg,final_method_vs_no_orthog/final_method/00163.jpg,final_method_vs_no_orthog/final_method/00239.jpg,final_method_vs_no_orthog/baseline/00232.jpg,final_method_vs_no_orthog/baseline/00200.jpg,final_method_vs_no_orthog/baseline/00208.jpg,final_method_vs_no_orthog/baseline/00035.jpg,final_method_vs_no_orthog/final_method/00223.jpg,final_method_vs_no_orthog/baseline/00047.jpg,final_method_vs_no_orthog/baseline/00198.jpg,final_method_vs_no_orthog/baseline/00262.jpg,final_method_vs_no_orthog/final_method/00012.jpg,training/gt/00000.jpg,training/gt/00001.jpg,training/gt/00002.jpg,training/gt/00003.jpg,final_method_vs_no_orthog/training/00317.jpg,final_method_vs_no_orthog/training/00163.jpg,final_method_vs_no_orthog/training/00239.jpg,final_method_vs_no_orthog/training/00232.jpg,final_method_vs_no_orthog/training/00200.jpg,final_method_vs_no_orthog/training/00208.jpg,final_method_vs_no_orthog/training/00035.jpg,final_method_vs_no_orthog/training/00223.jpg,final_method_vs_no_orthog/training/00047.jpg,final_method_vs_no_orthog/training/00198.jpg,final_method_vs_no_orthog/training/00262.jpg,final_method_vs_no_orthog/training/00012.jpg
left,right,left,right,left,left,left,left,right,left,right,left,left,left,right,right,training/baseline/00000.jpg,training/wrong_translation/00001.jpg,training/baseline/00002.jpg,training/wrong_translation/00003.jpg,final_method_vs_no_orthog/baseline/00033.jpg,final_method_vs_no_orthog/baseline/00204.jpg,final_method_vs_no_orthog/baseline/00235.jpg,final_method_vs_no_orthog/baseline/00165.jpg,final_method_vs_no_orthog/final_method/00132.jpg,final_method_vs_no_orthog/baseline/00178.jpg,final_method_vs_no_orthog/final_method/00142.jpg,final_method_vs_no_orthog/baseline/00152.jpg,final_method_vs_no_orthog/baseline/00301.jpg,final_method_vs_no_orthog/baseline/00150.jpg,final_method_vs_no_orthog/final_method/00263.jpg,final_method_vs_no_orthog/final_method/00251.jpg,training/wrong_translation/00000.jpg,training/baseline/00001.jpg,training/wrong_translation/00002.jpg,training/baseline/00003.jpg,final_method_vs_no_orthog/final_method/00033.jpg,final_method_vs_no_orthog/final_method/00204.jpg,final_method_vs_no_orthog/final_method/00235.jpg,final_method_vs_no_orthog/final_method/00165.jpg,final_method_vs_no_orthog/baseline/00132.jpg,final_method_vs_no_orthog/final_method/00178.jpg,final_method_vs_no_orthog/baseline/00142.jpg,final_method_vs_no_orthog/final_method/00152.jpg,final_method_vs_no_orthog/final_method/00301.jpg,final_method_vs_no_orthog/final_method/00150.jpg,final_method_vs_no_orthog/baseline/00263.jpg,final_method_vs_no_orthog/baseline/00251.jpg,training/gt/00000.jpg,training/gt/00001.jpg,training/gt/00002.jpg,training/gt/00003.jpg,final_method_vs_no_orthog/training/00033.jpg,final_method_vs_no_orthog/training/00204.jpg,final_method_vs_no_orthog/training/00235.jpg,final_method_vs_no_orthog/training/00165.jpg,final_method_vs_no_orthog/training/00132.jpg,final_method_vs_no_orthog/training/00178.jpg,final_method_vs_no_orthog/training/00142.jpg,final_method_vs_no_orthog/training/00152.jpg,final_method_vs_no_orthog/training/00301.jpg,final_method_vs_no_orthog/training/00150.jpg,final_method_vs_no_orthog/training/00263.jpg,final_method_vs_no_orthog/training/00251.jpg
left,right,left,right,right,right,left,left,right,left,right,left,right,left,right,right,training/baseline/00000.jpg,training/wrong_translation/00001.jpg,training/baseline/00002.jpg,training/wrong_translation/00003.jpg,final_method_vs_no_orthog/final_method/00042.jpg,final_method_vs_no_orthog/final_method/00125.jpg,final_method_vs_no_orthog/baseline/00336.jpg,final_method_vs_no_orthog/baseline/00285.jpg,final_method_vs_no_orthog/final_method/00155.jpg,final_method_vs_no_orthog/baseline/00278.jpg,final_method_vs_no_orthog/final_method/00045.jpg,final_method_vs_no_orthog/baseline/00075.jpg,final_method_vs_no_orthog/final_method/00065.jpg,final_method_vs_no_orthog/baseline/00011.jpg,final_method_vs_no_orthog/final_method/00259.jpg,final_method_vs_no_orthog/final_method/00053.jpg,training/wrong_translation/00000.jpg,training/baseline/00001.jpg,training/wrong_translation/00002.jpg,training/baseline/00003.jpg,final_method_vs_no_orthog/baseline/00042.jpg,final_method_vs_no_orthog/baseline/00125.jpg,final_method_vs_no_orthog/final_method/00336.jpg,final_method_vs_no_orthog/final_method/00285.jpg,final_method_vs_no_orthog/baseline/00155.jpg,final_method_vs_no_orthog/final_method/00278.jpg,final_method_vs_no_orthog/baseline/00045.jpg,final_method_vs_no_orthog/final_method/00075.jpg,final_method_vs_no_orthog/baseline/00065.jpg,final_method_vs_no_orthog/final_method/00011.jpg,final_method_vs_no_orthog/baseline/00259.jpg,final_method_vs_no_orthog/baseline/00053.jpg,training/gt/00000.jpg,training/gt/00001.jpg,training/gt/00002.jpg,training/gt/00003.jpg,final_method_vs_no_orthog/training/00042.jpg,final_method_vs_no_orthog/training/00125.jpg,final_method_vs_no_orthog/training/00336.jpg,final_method_vs_no_orthog/training/00285.jpg,final_method_vs_no_orthog/training/00155.jpg,final_method_vs_no_orthog/training/00278.jpg,final_method_vs_no_orthog/training/00045.jpg,final_method_vs_no_orthog/training/00075.jpg,final_method_vs_no_orthog/training/00065.jpg,final_method_vs_no_orthog/training/00011.jpg,final_method_vs_no_orthog/training/00259.jpg,final_method_vs_no_orthog/training/00053.jpg
left,left,right,right,left,right,right,right,left,left,right,right,right,right,right,left,training/baseline/00000.jpg,training/baseline/00001.jpg,training/wrong_translation/00002.jpg,training/wrong_translation/00003.jpg,final_method_vs_no_orthog/baseline/00340.jpg,final_method_vs_no_orthog/final_method/00020.jpg,final_method_vs_no_orthog/final_method/00173.jpg,final_method_vs_no_orthog/final_method/00066.jpg,final_method_vs_no_orthog/baseline/00273.jpg,final_method_vs_no_orthog/baseline/00245.jpg,final_method_vs_no_orthog/final_method/00341.jpg,final_method_vs_no_orthog/final_method/00056.jpg,final_method_vs_no_orthog/final_method/00305.jpg,final_method_vs_no_orthog/final_method/00062.jpg,final_method_vs_no_orthog/final_method/00168.jpg,final_method_vs_no_orthog/baseline/00085.jpg,training/wrong_translation/00000.jpg,training/wrong_translation/00001.jpg,training/baseline/00002.jpg,training/baseline/00003.jpg,final_method_vs_no_orthog/final_method/00340.jpg,final_method_vs_no_orthog/baseline/00020.jpg,final_method_vs_no_orthog/baseline/00173.jpg,final_method_vs_no_orthog/baseline/00066.jpg,final_method_vs_no_orthog/final_method/00273.jpg,final_method_vs_no_orthog/final_method/00245.jpg,final_method_vs_no_orthog/baseline/00341.jpg,final_method_vs_no_orthog/baseline/00056.jpg,final_method_vs_no_orthog/baseline/00305.jpg,final_method_vs_no_orthog/baseline/00062.jpg,final_method_vs_no_orthog/baseline/00168.jpg,final_method_vs_no_orthog/final_method/00085.jpg,training/gt/00000.jpg,training/gt/00001.jpg,training/gt/00002.jpg,training/gt/00003.jpg,final_method_vs_no_orthog/training/00340.jpg,final_method_vs_no_orthog/training/00020.jpg,final_method_vs_no_orthog/training/00173.jpg,final_method_vs_no_orthog/training/00066.jpg,final_method_vs_no_orthog/training/00273.jpg,final_method_vs_no_orthog/training/00245.jpg,final_method_vs_no_orthog/training/00341.jpg,final_method_vs_no_orthog/training/00056.jpg,final_method_vs_no_orthog/training/00305.jpg,final_method_vs_no_orthog/training/00062.jpg,final_method_vs_no_orthog/training/00168.jpg,final_method_vs_no_orthog/training/00085.jpg
right,right,left,left,right,right,left,left,right,left,left,left,left,left,right,right,training/wrong_translation/00000.jpg,training/wrong_translation/00001.jpg,training/baseline/00002.jpg,training/baseline/00003.jpg,final_method_vs_no_orthog/final_method/00306.jpg,final_method_vs_no_orthog/final_method/00003.jpg,final_method_vs_no_orthog/baseline/00205.jpg,final_method_vs_no_orthog/baseline/00274.jpg,final_method_vs_no_orthog/final_method/00335.jpg,final_method_vs_no_orthog/baseline/00100.jpg,final_method_vs_no_orthog/baseline/00124.jpg,final_method_vs_no_orthog/baseline/00051.jpg,final_method_vs_no_orthog/baseline/00177.jpg,final_method_vs_no_orthog/baseline/00000.jpg,final_method_vs_no_orthog/final_method/00129.jpg,final_method_vs_no_orthog/final_method/00110.jpg,training/baseline/00000.jpg,training/baseline/00001.jpg,training/wrong_translation/00002.jpg,training/wrong_translation/00003.jpg,final_method_vs_no_orthog/baseline/00306.jpg,final_method_vs_no_orthog/baseline/00003.jpg,final_method_vs_no_orthog/final_method/00205.jpg,final_method_vs_no_orthog/final_method/00274.jpg,final_method_vs_no_orthog/baseline/00335.jpg,final_method_vs_no_orthog/final_method/00100.jpg,final_method_vs_no_orthog/final_method/00124.jpg,final_method_vs_no_orthog/final_method/00051.jpg,final_method_vs_no_orthog/final_method/00177.jpg,final_method_vs_no_orthog/final_method/00000.jpg,final_method_vs_no_orthog/baseline/00129.jpg,final_method_vs_no_orthog/baseline/00110.jpg,training/gt/00000.jpg,training/gt/00001.jpg,training/gt/00002.jpg,training/gt/00003.jpg,final_method_vs_no_orthog/training/00306.jpg,final_method_vs_no_orthog/training/00003.jpg,final_method_vs_no_orthog/training/00205.jpg,final_method_vs_no_orthog/training/00274.jpg,final_method_vs_no_orthog/training/00335.jpg,final_method_vs_no_orthog/training/00100.jpg,final_method_vs_no_orthog/training/00124.jpg,final_method_vs_no_orthog/training/00051.jpg,final_method_vs_no_orthog/training/00177.jpg,final_method_vs_no_orthog/training/00000.jpg,final_method_vs_no_orthog/training/00129.jpg,final_method_vs_no_orthog/training/00110.jpg
right,left,right,right,right,left,left,left,right,left,left,right,left,left,left,left,training/wrong_translation/00000.jpg,training/baseline/00001.jpg,training/wrong_translation/00002.jpg,training/wrong_translation/00003.jpg,final_method_vs_no_orthog/final_method/00229.jpg,final_method_vs_no_orthog/baseline/00055.jpg,final_method_vs_no_orthog/baseline/00010.jpg,final_method_vs_no_orthog/baseline/00089.jpg,final_method_vs_no_orthog/final_method/00343.jpg,final_method_vs_no_orthog/baseline/00284.jpg,final_method_vs_no_orthog/baseline/00265.jpg,final_method_vs_no_orthog/final_method/00109.jpg,final_method_vs_no_orthog/baseline/00266.jpg,final_method_vs_no_orthog/baseline/00063.jpg,final_method_vs_no_orthog/baseline/00304.jpg,final_method_vs_no_orthog/baseline/00184.jpg,training/baseline/00000.jpg,training/wrong_translation/00001.jpg,training/baseline/00002.jpg,training/baseline/00003.jpg,final_method_vs_no_orthog/baseline/00229.jpg,final_method_vs_no_orthog/final_method/00055.jpg,final_method_vs_no_orthog/final_method/00010.jpg,final_method_vs_no_orthog/final_method/00089.jpg,final_method_vs_no_orthog/baseline/00343.jpg,final_method_vs_no_orthog/final_method/00284.jpg,final_method_vs_no_orthog/final_method/00265.jpg,final_method_vs_no_orthog/baseline/00109.jpg,final_method_vs_no_orthog/final_method/00266.jpg,final_method_vs_no_orthog/final_method/00063.jpg,final_method_vs_no_orthog/final_method/00304.jpg,final_method_vs_no_orthog/final_method/00184.jpg,training/gt/00000.jpg,training/gt/00001.jpg,training/gt/00002.jpg,training/gt/00003.jpg,final_method_vs_no_orthog/training/00229.jpg,final_method_vs_no_orthog/training/00055.jpg,final_method_vs_no_orthog/training/00010.jpg,final_method_vs_no_orthog/training/00089.jpg,final_method_vs_no_orthog/training/00343.jpg,final_method_vs_no_orthog/training/00284.jpg,final_method_vs_no_orthog/training/00265.jpg,final_method_vs_no_orthog/training/00109.jpg,final_method_vs_no_orthog/training/00266.jpg,final_method_vs_no_orthog/training/00063.jpg,final_method_vs_no_orthog/training/00304.jpg,final_method_vs_no_orthog/training/00184.jpg
right,left,left,right,left,right,right,left,right,right,right,left,left,left,left,left,training/wrong_translation/00000.jpg,training/baseline/00001.jpg,training/baseline/00002.jpg,training/wrong_translation/00003.jpg,final_method_vs_no_orthog/baseline/00260.jpg,final_method_vs_no_orthog/final_method/00086.jpg,final_method_vs_no_orthog/final_method/00275.jpg,final_method_vs_no_orthog/baseline/00256.jpg,final_method_vs_no_orthog/final_method/00060.jpg,final_method_vs_no_orthog/final_method/00032.jpg,final_method_vs_no_orthog/final_method/00199.jpg,final_method_vs_no_orthog/baseline/00169.jpg,final_method_vs_no_orthog/baseline/00210.jpg,final_method_vs_no_orthog/baseline/00314.jpg,final_method_vs_no_orthog/baseline/00019.jpg,final_method_vs_no_orthog/baseline/00098.jpg,training/baseline/00000.jpg,training/wrong_translation/00001.jpg,training/wrong_translation/00002.jpg,training/baseline/00003.jpg,final_method_vs_no_orthog/final_method/00260.jpg,final_method_vs_no_orthog/baseline/00086.jpg,final_method_vs_no_orthog/baseline/00275.jpg,final_method_vs_no_orthog/final_method/00256.jpg,final_method_vs_no_orthog/baseline/00060.jpg,final_method_vs_no_orthog/baseline/00032.jpg,final_method_vs_no_orthog/baseline/00199.jpg,final_method_vs_no_orthog/final_method/00169.jpg,final_method_vs_no_orthog/final_method/00210.jpg,final_method_vs_no_orthog/final_method/00314.jpg,final_method_vs_no_orthog/final_method/00019.jpg,final_method_vs_no_orthog/final_method/00098.jpg,training/gt/00000.jpg,training/gt/00001.jpg,training/gt/00002.jpg,training/gt/00003.jpg,final_method_vs_no_orthog/training/00260.jpg,final_method_vs_no_orthog/training/00086.jpg,final_method_vs_no_orthog/training/00275.jpg,final_method_vs_no_orthog/training/00256.jpg,final_method_vs_no_orthog/training/00060.jpg,final_method_vs_no_orthog/training/00032.jpg,final_method_vs_no_orthog/training/00199.jpg,final_method_vs_no_orthog/training/00169.jpg,final_method_vs_no_orthog/training/00210.jpg,final_method_vs_no_orthog/training/00314.jpg,final_method_vs_no_orthog/training/00019.jpg,final_method_vs_no_orthog/training/00098.jpg
left,right,left,right,left,left,right,right,right,left,right,left,left,left,right,right,training/baseline/00000.jpg,training/wrong_translation/00001.jpg,training/baseline/00002.jpg,training/wrong_translation/00003.jpg,final_method_vs_no_orthog/baseline/00071.jpg,final_method_vs_no_orthog/baseline/00226.jpg,final_method_vs_no_orthog/final_method/00131.jpg,final_method_vs_no_orthog/final_method/00138.jpg,final_method_vs_no_orthog/final_method/00246.jpg,final_method_vs_no_orthog/baseline/00113.jpg,final_method_vs_no_orthog/final_method/00087.jpg,final_method_vs_no_orthog/baseline/00128.jpg,final_method_vs_no_orthog/baseline/00068.jpg,final_method_vs_no_orthog/baseline/00187.jpg,final_method_vs_no_orthog/final_method/00296.jpg,final_method_vs_no_orthog/final_method/00295.jpg,training/wrong_translation/00000.jpg,training/baseline/00001.jpg,training/wrong_translation/00002.jpg,training/baseline/00003.jpg,final_method_vs_no_orthog/final_method/00071.jpg,final_method_vs_no_orthog/final_method/00226.jpg,final_method_vs_no_orthog/baseline/00131.jpg,final_method_vs_no_orthog/baseline/00138.jpg,final_method_vs_no_orthog/baseline/00246.jpg,final_method_vs_no_orthog/final_method/00113.jpg,final_method_vs_no_orthog/baseline/00087.jpg,final_method_vs_no_orthog/final_method/00128.jpg,final_method_vs_no_orthog/final_method/00068.jpg,final_method_vs_no_orthog/final_method/00187.jpg,final_method_vs_no_orthog/baseline/00296.jpg,final_method_vs_no_orthog/baseline/00295.jpg,training/gt/00000.jpg,training/gt/00001.jpg,training/gt/00002.jpg,training/gt/00003.jpg,final_method_vs_no_orthog/training/00071.jpg,final_method_vs_no_orthog/training/00226.jpg,final_method_vs_no_orthog/training/00131.jpg,final_method_vs_no_orthog/training/00138.jpg,final_method_vs_no_orthog/training/00246.jpg,final_method_vs_no_orthog/training/00113.jpg,final_method_vs_no_orthog/training/00087.jpg,final_method_vs_no_orthog/training/00128.jpg,final_method_vs_no_orthog/training/00068.jpg,final_method_vs_no_orthog/training/00187.jpg,final_method_vs_no_orthog/training/00296.jpg,final_method_vs_no_orthog/training/00295.jpg
left,right,left,right,left,right,right,left,right,left,right,right,left,left,right,right,training/baseline/00000.jpg,training/wrong_translation/00001.jpg,training/baseline/00002.jpg,training/wrong_translation/00003.jpg,final_method_vs_no_orthog/baseline/00041.jpg,final_method_vs_no_orthog/final_method/00016.jpg,final_method_vs_no_orthog/final_method/00158.jpg,final_method_vs_no_orthog/baseline/00334.jpg,final_method_vs_no_orthog/final_method/00339.jpg,final_method_vs_no_orthog/baseline/00179.jpg,final_method_vs_no_orthog/final_method/00095.jpg,final_method_vs_no_orthog/final_method/00323.jpg,final_method_vs_no_orthog/baseline/00104.jpg,final_method_vs_no_orthog/baseline/00038.jpg,final_method_vs_no_orthog/final_method/00061.jpg,final_method_vs_no_orthog/final_method/00252.jpg,training/wrong_translation/00000.jpg,training/baseline/00001.jpg,training/wrong_translation/00002.jpg,training/baseline/00003.jpg,final_method_vs_no_orthog/final_method/00041.jpg,final_method_vs_no_orthog/baseline/00016.jpg,final_method_vs_no_orthog/baseline/00158.jpg,final_method_vs_no_orthog/final_method/00334.jpg,final_method_vs_no_orthog/baseline/00339.jpg,final_method_vs_no_orthog/final_method/00179.jpg,final_method_vs_no_orthog/baseline/00095.jpg,final_method_vs_no_orthog/baseline/00323.jpg,final_method_vs_no_orthog/final_method/00104.jpg,final_method_vs_no_orthog/final_method/00038.jpg,final_method_vs_no_orthog/baseline/00061.jpg,final_method_vs_no_orthog/baseline/00252.jpg,training/gt/00000.jpg,training/gt/00001.jpg,training/gt/00002.jpg,training/gt/00003.jpg,final_method_vs_no_orthog/training/00041.jpg,final_method_vs_no_orthog/training/00016.jpg,final_method_vs_no_orthog/training/00158.jpg,final_method_vs_no_orthog/training/00334.jpg,final_method_vs_no_orthog/training/00339.jpg,final_method_vs_no_orthog/training/00179.jpg,final_method_vs_no_orthog/training/00095.jpg,final_method_vs_no_orthog/training/00323.jpg,final_method_vs_no_orthog/training/00104.jpg,final_method_vs_no_orthog/training/00038.jpg,final_method_vs_no_orthog/training/00061.jpg,final_method_vs_no_orthog/training/00252.jpg
left,left,right,left,left,right,left,left,right,right,right,right,right,right,right,left,training/baseline/00000.jpg,training/baseline/00001.jpg,training/wrong_translation/00002.jpg,training/baseline/00003.jpg,final_method_vs_no_orthog/baseline/00028.jpg,final_method_vs_no_orthog/final_method/00201.jpg,final_method_vs_no_orthog/baseline/00311.jpg,final_method_vs_no_orthog/baseline/00074.jpg,final_method_vs_no_orthog/final_method/00325.jpg,final_method_vs_no_orthog/final_method/00222.jpg,final_method_vs_no_orthog/final_method/00067.jpg,final_method_vs_no_orthog/final_method/00007.jpg,final_method_vs_no_orthog/final_method/00120.jpg,final_method_vs_no_orthog/final_method/00242.jpg,final_method_vs_no_orthog/final_method/00118.jpg,final_method_vs_no_orthog/baseline/00209.jpg,training/wrong_translation/00000.jpg,training/wrong_translation/00001.jpg,training/baseline/00002.jpg,training/wrong_translation/00003.jpg,final_method_vs_no_orthog/final_method/00028.jpg,final_method_vs_no_orthog/baseline/00201.jpg,final_method_vs_no_orthog/final_method/00311.jpg,final_method_vs_no_orthog/final_method/00074.jpg,final_method_vs_no_orthog/baseline/00325.jpg,final_method_vs_no_orthog/baseline/00222.jpg,final_method_vs_no_orthog/baseline/00067.jpg,final_method_vs_no_orthog/baseline/00007.jpg,final_method_vs_no_orthog/baseline/00120.jpg,final_method_vs_no_orthog/baseline/00242.jpg,final_method_vs_no_orthog/baseline/00118.jpg,final_method_vs_no_orthog/final_method/00209.jpg,training/gt/00000.jpg,training/gt/00001.jpg,training/gt/00002.jpg,training/gt/00003.jpg,final_method_vs_no_orthog/training/00028.jpg,final_method_vs_no_orthog/training/00201.jpg,final_method_vs_no_orthog/training/00311.jpg,final_method_vs_no_orthog/training/00074.jpg,final_method_vs_no_orthog/training/00325.jpg,final_method_vs_no_orthog/training/00222.jpg,final_method_vs_no_orthog/training/00067.jpg,final_method_vs_no_orthog/training/00007.jpg,final_method_vs_no_orthog/training/00120.jpg,final_method_vs_no_orthog/training/00242.jpg,final_method_vs_no_orthog/training/00118.jpg,final_method_vs_no_orthog/training/00209.jpg
right,right,right,left,left,right,left,left,right,right,right,right,left,left,right,right,training/wrong_translation/00000.jpg,training/wrong_translation/00001.jpg,training/wrong_translation/00002.jpg,training/baseline/00003.jpg,final_method_vs_no_orthog/baseline/00292.jpg,final_method_vs_no_orthog/final_method/00185.jpg,final_method_vs_no_orthog/baseline/00329.jpg,final_method_vs_no_orthog/baseline/00342.jpg,final_method_vs_no_orthog/final_method/00021.jpg,final_method_vs_no_orthog/final_method/00039.jpg,final_method_vs_no_orthog/final_method/00137.jpg,final_method_vs_no_orthog/final_method/00171.jpg,final_method_vs_no_orthog/baseline/00161.jpg,final_method_vs_no_orthog/baseline/00008.jpg,final_method_vs_no_orthog/final_method/00154.jpg,final_method_vs_no_orthog/final_method/00225.jpg,training/baseline/00000.jpg,training/baseline/00001.jpg,training/baseline/00002.jpg,training/wrong_translation/00003.jpg,final_method_vs_no_orthog/final_method/00292.jpg,final_method_vs_no_orthog/baseline/00185.jpg,final_method_vs_no_orthog/final_method/00329.jpg,final_method_vs_no_orthog/final_method/00342.jpg,final_method_vs_no_orthog/baseline/00021.jpg,final_method_vs_no_orthog/baseline/00039.jpg,final_method_vs_no_orthog/baseline/00137.jpg,final_method_vs_no_orthog/baseline/00171.jpg,final_method_vs_no_orthog/final_method/00161.jpg,final_method_vs_no_orthog/final_method/00008.jpg,final_method_vs_no_orthog/baseline/00154.jpg,final_method_vs_no_orthog/baseline/00225.jpg,training/gt/00000.jpg,training/gt/00001.jpg,training/gt/00002.jpg,training/gt/00003.jpg,final_method_vs_no_orthog/training/00292.jpg,final_method_vs_no_orthog/training/00185.jpg,final_method_vs_no_orthog/training/00329.jpg,final_method_vs_no_orthog/training/00342.jpg,final_method_vs_no_orthog/training/00021.jpg,final_method_vs_no_orthog/training/00039.jpg,final_method_vs_no_orthog/training/00137.jpg,final_method_vs_no_orthog/training/00171.jpg,final_method_vs_no_orthog/training/00161.jpg,final_method_vs_no_orthog/training/00008.jpg,final_method_vs_no_orthog/training/00154.jpg,final_method_vs_no_orthog/training/00225.jpg
left,left,right,right,right,left,left,right,right,left,right,right,left,left,left,left,training/baseline/00000.jpg,training/baseline/00001.jpg,training/wrong_translation/00002.jpg,training/wrong_translation/00003.jpg,final_method_vs_no_orthog/final_method/00140.jpg,final_method_vs_no_orthog/baseline/00307.jpg,final_method_vs_no_orthog/baseline/00108.jpg,final_method_vs_no_orthog/final_method/00244.jpg,final_method_vs_no_orthog/final_method/00148.jpg,final_method_vs_no_orthog/baseline/00282.jpg,final_method_vs_no_orthog/final_method/00279.jpg,final_method_vs_no_orthog/final_method/00195.jpg,final_method_vs_no_orthog/baseline/00025.jpg,final_method_vs_no_orthog/baseline/00058.jpg,final_method_vs_no_orthog/baseline/00130.jpg,final_method_vs_no_orthog/baseline/00297.jpg,training/wrong_translation/00000.jpg,training/wrong_translation/00001.jpg,training/baseline/00002.jpg,training/baseline/00003.jpg,final_method_vs_no_orthog/baseline/00140.jpg,final_method_vs_no_orthog/final_method/00307.jpg,final_method_vs_no_orthog/final_method/00108.jpg,final_method_vs_no_orthog/baseline/00244.jpg,final_method_vs_no_orthog/baseline/00148.jpg,final_method_vs_no_orthog/final_method/00282.jpg,final_method_vs_no_orthog/baseline/00279.jpg,final_method_vs_no_orthog/baseline/00195.jpg,final_method_vs_no_orthog/final_method/00025.jpg,final_method_vs_no_orthog/final_method/00058.jpg,final_method_vs_no_orthog/final_method/00130.jpg,final_method_vs_no_orthog/final_method/00297.jpg,training/gt/00000.jpg,training/gt/00001.jpg,training/gt/00002.jpg,training/gt/00003.jpg,final_method_vs_no_orthog/training/00140.jpg,final_method_vs_no_orthog/training/00307.jpg,final_method_vs_no_orthog/training/00108.jpg,final_method_vs_no_orthog/training/00244.jpg,final_method_vs_no_orthog/training/00148.jpg,final_method_vs_no_orthog/training/00282.jpg,final_method_vs_no_orthog/training/00279.jpg,final_method_vs_no_orthog/training/00195.jpg,final_method_vs_no_orthog/training/00025.jpg,final_method_vs_no_orthog/training/00058.jpg,final_method_vs_no_orthog/training/00130.jpg,final_method_vs_no_orthog/training/00297.jpg
right,left,left,right,left,left,right,left,right,right,left,right,left,right,right,left,training/wrong_translation/00000.jpg,training/baseline/00001.jpg,training/baseline/00002.jpg,training/wrong_translation/00003.jpg,final_method_vs_no_orthog/baseline/00002.jpg,final_method_vs_no_orthog/baseline/00190.jpg,final_method_vs_no_orthog/final_method/00298.jpg,final_method_vs_no_orthog/baseline/00156.jpg,final_method_vs_no_orthog/final_method/00321.jpg,final_method_vs_no_orthog/final_method/00054.jpg,final_method_vs_no_orthog/baseline/00143.jpg,final_method_vs_no_orthog/final_method/00160.jpg,final_method_vs_no_orthog/baseline/00172.jpg,final_method_vs_no_orthog/final_method/00151.jpg,final_method_vs_no_orthog/final_method/00144.jpg,final_method_vs_no_orthog/baseline/00213.jpg,training/baseline/00000.jpg,training/wrong_translation/00001.jpg,training/wrong_translation/00002.jpg,training/baseline/00003.jpg,final_method_vs_no_orthog/final_method/00002.jpg,final_method_vs_no_orthog/final_method/00190.jpg,final_method_vs_no_orthog/baseline/00298.jpg,final_method_vs_no_orthog/final_method/00156.jpg,final_method_vs_no_orthog/baseline/00321.jpg,final_method_vs_no_orthog/baseline/00054.jpg,final_method_vs_no_orthog/final_method/00143.jpg,final_method_vs_no_orthog/baseline/00160.jpg,final_method_vs_no_orthog/final_method/00172.jpg,final_method_vs_no_orthog/baseline/00151.jpg,final_method_vs_no_orthog/baseline/00144.jpg,final_method_vs_no_orthog/final_method/00213.jpg,training/gt/00000.jpg,training/gt/00001.jpg,training/gt/00002.jpg,training/gt/00003.jpg,final_method_vs_no_orthog/training/00002.jpg,final_method_vs_no_orthog/training/00190.jpg,final_method_vs_no_orthog/training/00298.jpg,final_method_vs_no_orthog/training/00156.jpg,final_method_vs_no_orthog/training/00321.jpg,final_method_vs_no_orthog/training/00054.jpg,final_method_vs_no_orthog/training/00143.jpg,final_method_vs_no_orthog/training/00160.jpg,final_method_vs_no_orthog/training/00172.jpg,final_method_vs_no_orthog/training/00151.jpg,final_method_vs_no_orthog/training/00144.jpg,final_method_vs_no_orthog/training/00213.jpg
left,left,right,right,right,right,right,left,left,left,right,left,left,right,left,right,training/baseline/00000.jpg,training/baseline/00001.jpg,training/wrong_translation/00002.jpg,training/wrong_translation/00003.jpg,final_method_vs_no_orthog/final_method/00220.jpg,final_method_vs_no_orthog/final_method/00318.jpg,final_method_vs_no_orthog/final_method/00133.jpg,final_method_vs_no_orthog/baseline/00193.jpg,final_method_vs_no_orthog/baseline/00315.jpg,final_method_vs_no_orthog/baseline/00090.jpg,final_method_vs_no_orthog/final_method/00180.jpg,final_method_vs_no_orthog/baseline/00338.jpg,final_method_vs_no_orthog/baseline/00004.jpg,final_method_vs_no_orthog/final_method/00237.jpg,final_method_vs_no_orthog/baseline/00277.jpg,final_method_vs_no_orthog/final_method/00207.jpg,training/wrong_translation/00000.jpg,training/wrong_translation/00001.jpg,training/baseline/00002.jpg,training/baseline/00003.jpg,final_method_vs_no_orthog/baseline/00220.jpg,final_method_vs_no_orthog/baseline/00318.jpg,final_method_vs_no_orthog/baseline/00133.jpg,final_method_vs_no_orthog/final_method/00193.jpg,final_method_vs_no_orthog/final_method/00315.jpg,final_method_vs_no_orthog/final_method/00090.jpg,final_method_vs_no_orthog/baseline/00180.jpg,final_method_vs_no_orthog/final_method/00338.jpg,final_method_vs_no_orthog/final_method/00004.jpg,final_method_vs_no_orthog/baseline/00237.jpg,final_method_vs_no_orthog/final_method/00277.jpg,final_method_vs_no_orthog/baseline/00207.jpg,training/gt/00000.jpg,training/gt/00001.jpg,training/gt/00002.jpg,training/gt/00003.jpg,final_method_vs_no_orthog/training/00220.jpg,final_method_vs_no_orthog/training/00318.jpg,final_method_vs_no_orthog/training/00133.jpg,final_method_vs_no_orthog/training/00193.jpg,final_method_vs_no_orthog/training/00315.jpg,final_method_vs_no_orthog/training/00090.jpg,final_method_vs_no_orthog/training/00180.jpg,final_method_vs_no_orthog/training/00338.jpg,final_method_vs_no_orthog/training/00004.jpg,final_method_vs_no_orthog/training/00237.jpg,final_method_vs_no_orthog/training/00277.jpg,final_method_vs_no_orthog/training/00207.jpg
left,right,right,right,left,left,left,left,right,left,right,left,left,left,right,right,training/baseline/00000.jpg,training/wrong_translation/00001.jpg,training/wrong_translation/00002.jpg,training/wrong_translation/00003.jpg,final_method_vs_no_orthog/baseline/00192.jpg,final_method_vs_no_orthog/baseline/00234.jpg,final_method_vs_no_orthog/baseline/00119.jpg,final_method_vs_no_orthog/baseline/00332.jpg,final_method_vs_no_orthog/final_method/00112.jpg,final_method_vs_no_orthog/baseline/00269.jpg,final_method_vs_no_orthog/final_method/00233.jpg,final_method_vs_no_orthog/baseline/00121.jpg,final_method_vs_no_orthog/baseline/00189.jpg,final_method_vs_no_orthog/baseline/00291.jpg,final_method_vs_no_orthog/final_method/00141.jpg,final_method_vs_no_orthog/final_method/00287.jpg,training/wrong_translation/00000.jpg,training/baseline/00001.jpg,training/baseline/00002.jpg,training/baseline/00003.jpg,final_method_vs_no_orthog/final_method/00192.jpg,final_method_vs_no_orthog/final_method/00234.jpg,final_method_vs_no_orthog/final_method/00119.jpg,final_method_vs_no_orthog/final_method/00332.jpg,final_method_vs_no_orthog/baseline/00112.jpg,final_method_vs_no_orthog/final_method/00269.jpg,final_method_vs_no_orthog/baseline/00233.jpg,final_method_vs_no_orthog/final_method/00121.jpg,final_method_vs_no_orthog/final_method/00189.jpg,final_method_vs_no_orthog/final_method/00291.jpg,final_method_vs_no_orthog/baseline/00141.jpg,final_method_vs_no_orthog/baseline/00287.jpg,training/gt/00000.jpg,training/gt/00001.jpg,training/gt/00002.jpg,training/gt/00003.jpg,final_method_vs_no_orthog/training/00192.jpg,final_method_vs_no_orthog/training/00234.jpg,final_method_vs_no_orthog/training/00119.jpg,final_method_vs_no_orthog/training/00332.jpg,final_method_vs_no_orthog/training/00112.jpg,final_method_vs_no_orthog/training/00269.jpg,final_method_vs_no_orthog/training/00233.jpg,final_method_vs_no_orthog/training/00121.jpg,final_method_vs_no_orthog/training/00189.jpg,final_method_vs_no_orthog/training/00291.jpg,final_method_vs_no_orthog/training/00141.jpg,final_method_vs_no_orthog/training/00287.jpg
left,right,left,left,left,left,left,right,left,right,left,right,right,right,right,left,training/baseline/00000.jpg,training/wrong_translation/00001.jpg,training/baseline/00002.jpg,training/baseline/00003.jpg,final_method_vs_no_orthog/baseline/00069.jpg,final_method_vs_no_orthog/baseline/00001.jpg,final_method_vs_no_orthog/baseline/00079.jpg,final_method_vs_no_orthog/final_method/00320.jpg,final_method_vs_no_orthog/baseline/00214.jpg,final_method_vs_no_orthog/final_method/00240.jpg,final_method_vs_no_orthog/baseline/00009.jpg,final_method_vs_no_orthog/final_method/00249.jpg,final_method_vs_no_orthog/final_method/00106.jpg,final_method_vs_no_orthog/final_method/00221.jpg,final_method_vs_no_orthog/final_method/00050.jpg,final_method_vs_no_orthog/baseline/00203.jpg,training/wrong_translation/00000.jpg,training/baseline/00001.jpg,training/wrong_translation/00002.jpg,training/wrong_translation/00003.jpg,final_method_vs_no_orthog/final_method/00069.jpg,final_method_vs_no_orthog/final_method/00001.jpg,final_method_vs_no_orthog/final_method/00079.jpg,final_method_vs_no_orthog/baseline/00320.jpg,final_method_vs_no_orthog/final_method/00214.jpg,final_method_vs_no_orthog/baseline/00240.jpg,final_method_vs_no_orthog/final_method/00009.jpg,final_method_vs_no_orthog/baseline/00249.jpg,final_method_vs_no_orthog/baseline/00106.jpg,final_method_vs_no_orthog/baseline/00221.jpg,final_method_vs_no_orthog/baseline/00050.jpg,final_method_vs_no_orthog/final_method/00203.jpg,training/gt/00000.jpg,training/gt/00001.jpg,training/gt/00002.jpg,training/gt/00003.jpg,final_method_vs_no_orthog/training/00069.jpg,final_method_vs_no_orthog/training/00001.jpg,final_method_vs_no_orthog/training/00079.jpg,final_method_vs_no_orthog/training/00320.jpg,final_method_vs_no_orthog/training/00214.jpg,final_method_vs_no_orthog/training/00240.jpg,final_method_vs_no_orthog/training/00009.jpg,final_method_vs_no_orthog/training/00249.jpg,final_method_vs_no_orthog/training/00106.jpg,final_method_vs_no_orthog/training/00221.jpg,final_method_vs_no_orthog/training/00050.jpg,final_method_vs_no_orthog/training/00203.jpg
right,left,right,right,right,left,left,right,right,left,left,left,right,right,left,left,training/wrong_translation/00000.jpg,training/baseline/00001.jpg,training/wrong_translation/00002.jpg,training/wrong_translation/00003.jpg,final_method_vs_no_orthog/final_method/00018.jpg,final_method_vs_no_orthog/baseline/00302.jpg,final_method_vs_no_orthog/baseline/00031.jpg,final_method_vs_no_orthog/final_method/00134.jpg,final_method_vs_no_orthog/final_method/00153.jpg,final_method_vs_no_orthog/baseline/00122.jpg,final_method_vs_no_orthog/baseline/00022.jpg,final_method_vs_no_orthog/baseline/00182.jpg,final_method_vs_no_orthog/final_method/00078.jpg,final_method_vs_no_orthog/final_method/00115.jpg,final_method_vs_no_orthog/baseline/00114.jpg,final_method_vs_no_orthog/baseline/00064.jpg,training/baseline/00000.jpg,training/wrong_translation/00001.jpg,training/baseline/00002.jpg,training/baseline/00003.jpg,final_method_vs_no_orthog/baseline/00018.jpg,final_method_vs_no_orthog/final_method/00302.jpg,final_method_vs_no_orthog/final_method/00031.jpg,final_method_vs_no_orthog/baseline/00134.jpg,final_method_vs_no_orthog/baseline/00153.jpg,final_method_vs_no_orthog/final_method/00122.jpg,final_method_vs_no_orthog/final_method/00022.jpg,final_method_vs_no_orthog/final_method/00182.jpg,final_method_vs_no_orthog/baseline/00078.jpg,final_method_vs_no_orthog/baseline/00115.jpg,final_method_vs_no_orthog/final_method/00114.jpg,final_method_vs_no_orthog/final_method/00064.jpg,training/gt/00000.jpg,training/gt/00001.jpg,training/gt/00002.jpg,training/gt/00003.jpg,final_method_vs_no_orthog/training/00018.jpg,final_method_vs_no_orthog/training/00302.jpg,final_method_vs_no_orthog/training/00031.jpg,final_method_vs_no_orthog/training/00134.jpg,final_method_vs_no_orthog/training/00153.jpg,final_method_vs_no_orthog/training/00122.jpg,final_method_vs_no_orthog/training/00022.jpg,final_method_vs_no_orthog/training/00182.jpg,final_method_vs_no_orthog/training/00078.jpg,final_method_vs_no_orthog/training/00115.jpg,final_method_vs_no_orthog/training/00114.jpg,final_method_vs_no_orthog/training/00064.jpg
left,left,right,left,right,right,right,left,right,right,left,right,left,right,right,left,training/baseline/00000.jpg,training/baseline/00001.jpg,training/wrong_translation/00002.jpg,training/baseline/00003.jpg,final_method_vs_no_orthog/final_method/00005.jpg,final_method_vs_no_orthog/final_method/00176.jpg,final_method_vs_no_orthog/final_method/00024.jpg,final_method_vs_no_orthog/baseline/00303.jpg,final_method_vs_no_orthog/final_method/00294.jpg,final_method_vs_no_orthog/final_method/00084.jpg,final_method_vs_no_orthog/baseline/00197.jpg,final_method_vs_no_orthog/final_method/00057.jpg,final_method_vs_no_orthog/baseline/00080.jpg,final_method_vs_no_orthog/final_method/00286.jpg,final_method_vs_no_orthog/final_method/00027.jpg,final_method_vs_no_orthog/baseline/00049.jpg,training/wrong_translation/00000.jpg,training/wrong_translation/00001.jpg,training/baseline/00002.jpg,training/wrong_translation/00003.jpg,final_method_vs_no_orthog/baseline/00005.jpg,final_method_vs_no_orthog/baseline/00176.jpg,final_method_vs_no_orthog/baseline/00024.jpg,final_method_vs_no_orthog/final_method/00303.jpg,final_method_vs_no_orthog/baseline/00294.jpg,final_method_vs_no_orthog/baseline/00084.jpg,final_method_vs_no_orthog/final_method/00197.jpg,final_method_vs_no_orthog/baseline/00057.jpg,final_method_vs_no_orthog/final_method/00080.jpg,final_method_vs_no_orthog/baseline/00286.jpg,final_method_vs_no_orthog/baseline/00027.jpg,final_method_vs_no_orthog/final_method/00049.jpg,training/gt/00000.jpg,training/gt/00001.jpg,training/gt/00002.jpg,training/gt/00003.jpg,final_method_vs_no_orthog/training/00005.jpg,final_method_vs_no_orthog/training/00176.jpg,final_method_vs_no_orthog/training/00024.jpg,final_method_vs_no_orthog/training/00303.jpg,final_method_vs_no_orthog/training/00294.jpg,final_method_vs_no_orthog/training/00084.jpg,final_method_vs_no_orthog/training/00197.jpg,final_method_vs_no_orthog/training/00057.jpg,final_method_vs_no_orthog/training/00080.jpg,final_method_vs_no_orthog/training/00286.jpg,final_method_vs_no_orthog/training/00027.jpg,final_method_vs_no_orthog/training/00049.jpg
right,right,right,right,right,left,left,left,left,left,left,right,right,right,left,right,training/wrong_translation/00000.jpg,training/wrong_translation/00001.jpg,training/wrong_translation/00002.jpg,training/wrong_translation/00003.jpg,final_method_vs_no_orthog/final_method/00236.jpg,final_method_vs_no_orthog/baseline/00241.jpg,final_method_vs_no_orthog/baseline/00243.jpg,final_method_vs_no_orthog/baseline/00328.jpg,final_method_vs_no_orthog/baseline/00217.jpg,final_method_vs_no_orthog/baseline/00139.jpg,final_method_vs_no_orthog/baseline/00191.jpg,final_method_vs_no_orthog/final_method/00309.jpg,final_method_vs_no_orthog/final_method/00264.jpg,final_method_vs_no_orthog/final_method/00107.jpg,final_method_vs_no_orthog/baseline/00183.jpg,final_method_vs_no_orthog/final_method/00211.jpg,training/baseline/00000.jpg,training/baseline/00001.jpg,training/baseline/00002.jpg,training/baseline/00003.jpg,final_method_vs_no_orthog/baseline/00236.jpg,final_method_vs_no_orthog/final_method/00241.jpg,final_method_vs_no_orthog/final_method/00243.jpg,final_method_vs_no_orthog/final_method/00328.jpg,final_method_vs_no_orthog/final_method/00217.jpg,final_method_vs_no_orthog/final_method/00139.jpg,final_method_vs_no_orthog/final_method/00191.jpg,final_method_vs_no_orthog/baseline/00309.jpg,final_method_vs_no_orthog/baseline/00264.jpg,final_method_vs_no_orthog/baseline/00107.jpg,final_method_vs_no_orthog/final_method/00183.jpg,final_method_vs_no_orthog/baseline/00211.jpg,training/gt/00000.jpg,training/gt/00001.jpg,training/gt/00002.jpg,training/gt/00003.jpg,final_method_vs_no_orthog/training/00236.jpg,final_method_vs_no_orthog/training/00241.jpg,final_method_vs_no_orthog/training/00243.jpg,final_method_vs_no_orthog/training/00328.jpg,final_method_vs_no_orthog/training/00217.jpg,final_method_vs_no_orthog/training/00139.jpg,final_method_vs_no_orthog/training/00191.jpg,final_method_vs_no_orthog/training/00309.jpg,final_method_vs_no_orthog/training/00264.jpg,final_method_vs_no_orthog/training/00107.jpg,final_method_vs_no_orthog/training/00183.jpg,final_method_vs_no_orthog/training/00211.jpg
right,left,right,right,right,right,left,right,right,left,left,right,right,left,right,right,training/wrong_translation/00000.jpg,training/baseline/00001.jpg,training/wrong_translation/00002.jpg,training/wrong_translation/00003.jpg,final_method_vs_no_orthog/final_method/00324.jpg,final_method_vs_no_orthog/final_method/00231.jpg,final_method_vs_no_orthog/baseline/00102.jpg,final_method_vs_no_orthog/final_method/00159.jpg,final_method_vs_no_orthog/final_method/00257.jpg,final_method_vs_no_orthog/baseline/00327.jpg,final_method_vs_no_orthog/baseline/00013.jpg,final_method_vs_no_orthog/final_method/00015.jpg,final_method_vs_no_orthog/final_method/00276.jpg,final_method_vs_no_orthog/baseline/00076.jpg,final_method_vs_no_orthog/final_method/00070.jpg,final_method_vs_no_orthog/final_method/00308.jpg,training/baseline/00000.jpg,training/wrong_translation/00001.jpg,training/baseline/00002.jpg,training/baseline/00003.jpg,final_method_vs_no_orthog/baseline/00324.jpg,final_method_vs_no_orthog/baseline/00231.jpg,final_method_vs_no_orthog/final_method/00102.jpg,final_method_vs_no_orthog/baseline/00159.jpg,final_method_vs_no_orthog/baseline/00257.jpg,final_method_vs_no_orthog/final_method/00327.jpg,final_method_vs_no_orthog/final_method/00013.jpg,final_method_vs_no_orthog/baseline/00015.jpg,final_method_vs_no_orthog/baseline/00276.jpg,final_method_vs_no_orthog/final_method/00076.jpg,final_method_vs_no_orthog/baseline/00070.jpg,final_method_vs_no_orthog/baseline/00308.jpg,training/gt/00000.jpg,training/gt/00001.jpg,training/gt/00002.jpg,training/gt/00003.jpg,final_method_vs_no_orthog/training/00324.jpg,final_method_vs_no_orthog/training/00231.jpg,final_method_vs_no_orthog/training/00102.jpg,final_method_vs_no_orthog/training/00159.jpg,final_method_vs_no_orthog/training/00257.jpg,final_method_vs_no_orthog/training/00327.jpg,final_method_vs_no_orthog/training/00013.jpg,final_method_vs_no_orthog/training/00015.jpg,final_method_vs_no_orthog/training/00276.jpg,final_method_vs_no_orthog/training/00076.jpg,final_method_vs_no_orthog/training/00070.jpg,final_method_vs_no_orthog/training/00308.jpg
right,left,right,left,left,left,left,right,right,right,right,right,right,left,right,right,training/wrong_translation/00000.jpg,training/baseline/00001.jpg,training/wrong_translation/00002.jpg,training/baseline/00003.jpg,final_method_vs_no_orthog/baseline/00212.jpg,final_method_vs_no_orthog/baseline/00215.jpg,final_method_vs_no_orthog/baseline/00083.jpg,final_method_vs_no_orthog/final_method/00103.jpg,final_method_vs_no_orthog/final_method/00228.jpg,final_method_vs_no_orthog/final_method/00088.jpg,final_method_vs_no_orthog/final_method/00044.jpg,final_method_vs_no_orthog/final_method/00248.jpg,final_method_vs_no_orthog/final_method/00186.jpg,final_method_vs_no_orthog/baseline/00261.jpg,final_method_vs_no_orthog/final_method/00077.jpg,final_method_vs_no_orthog/final_method/00310.jpg,training/baseline/00000.jpg,training/wrong_translation/00001.jpg,training/baseline/00002.jpg,training/wrong_translation/00003.jpg,final_method_vs_no_orthog/final_method/00212.jpg,final_method_vs_no_orthog/final_method/00215.jpg,final_method_vs_no_orthog/final_method/00083.jpg,final_method_vs_no_orthog/baseline/00103.jpg,final_method_vs_no_orthog/baseline/00228.jpg,final_method_vs_no_orthog/baseline/00088.jpg,final_method_vs_no_orthog/baseline/00044.jpg,final_method_vs_no_orthog/baseline/00248.jpg,final_method_vs_no_orthog/baseline/00186.jpg,final_method_vs_no_orthog/final_method/00261.jpg,final_method_vs_no_orthog/baseline/00077.jpg,final_method_vs_no_orthog/baseline/00310.jpg,training/gt/00000.jpg,training/gt/00001.jpg,training/gt/00002.jpg,training/gt/00003.jpg,final_method_vs_no_orthog/training/00212.jpg,final_method_vs_no_orthog/training/00215.jpg,final_method_vs_no_orthog/training/00083.jpg,final_method_vs_no_orthog/training/00103.jpg,final_method_vs_no_orthog/training/00228.jpg,final_method_vs_no_orthog/training/00088.jpg,final_method_vs_no_orthog/training/00044.jpg,final_method_vs_no_orthog/training/00248.jpg,final_method_vs_no_orthog/training/00186.jpg,final_method_vs_no_orthog/training/00261.jpg,final_method_vs_no_orthog/training/00077.jpg,final_method_vs_no_orthog/training/00310.jpg
left,left,right,left,left,right,right,right,right,right,right,left,right,left,left,left,training/baseline/00000.jpg,training/baseline/00001.jpg,training/wrong_translation/00002.jpg,training/baseline/00003.jpg,final_method_vs_no_orthog/baseline/00034.jpg,final_method_vs_no_orthog/final_method/00017.jpg,final_method_vs_no_orthog/final_method/00081.jpg,final_method_vs_no_orthog/final_method/00299.jpg,final_method_vs_no_orthog/final_method/00037.jpg,final_method_vs_no_orthog/final_method/00073.jpg,final_method_vs_no_orthog/final_method/00230.jpg,final_method_vs_no_orthog/baseline/00331.jpg,final_method_vs_no_orthog/final_method/00157.jpg,final_method_vs_no_orthog/baseline/00072.jpg,final_method_vs_no_orthog/baseline/00043.jpg,final_method_vs_no_orthog/baseline/00117.jpg,training/wrong_translation/00000.jpg,training/wrong_translation/00001.jpg,training/baseline/00002.jpg,training/wrong_translation/00003.jpg,final_method_vs_no_orthog/final_method/00034.jpg,final_method_vs_no_orthog/baseline/00017.jpg,final_method_vs_no_orthog/baseline/00081.jpg,final_method_vs_no_orthog/baseline/00299.jpg,final_method_vs_no_orthog/baseline/00037.jpg,final_method_vs_no_orthog/baseline/00073.jpg,final_method_vs_no_orthog/baseline/00230.jpg,final_method_vs_no_orthog/final_method/00331.jpg,final_method_vs_no_orthog/baseline/00157.jpg,final_method_vs_no_orthog/final_method/00072.jpg,final_method_vs_no_orthog/final_method/00043.jpg,final_method_vs_no_orthog/final_method/00117.jpg,training/gt/00000.jpg,training/gt/00001.jpg,training/gt/00002.jpg,training/gt/00003.jpg,final_method_vs_no_orthog/training/00034.jpg,final_method_vs_no_orthog/training/00017.jpg,final_method_vs_no_orthog/training/00081.jpg,final_method_vs_no_orthog/training/00299.jpg,final_method_vs_no_orthog/training/00037.jpg,final_method_vs_no_orthog/training/00073.jpg,final_method_vs_no_orthog/training/00230.jpg,final_method_vs_no_orthog/training/00331.jpg,final_method_vs_no_orthog/training/00157.jpg,final_method_vs_no_orthog/training/00072.jpg,final_method_vs_no_orthog/training/00043.jpg,final_method_vs_no_orthog/training/00117.jpg
right,right,right,right,left,left,right,left,right,right,left,right,right,left,left,left,training/wrong_translation/00000.jpg,training/wrong_translation/00001.jpg,training/wrong_translation/00002.jpg,training/wrong_translation/00003.jpg,final_method_vs_no_orthog/baseline/00040.jpg,final_method_vs_no_orthog/baseline/00167.jpg,final_method_vs_no_orthog/final_method/00147.jpg,final_method_vs_no_orthog/baseline/00280.jpg,final_method_vs_no_orthog/final_method/00136.jpg,final_method_vs_no_orthog/final_method/00218.jpg,final_method_vs_no_orthog/baseline/00135.jpg,final_method_vs_no_orthog/final_method/00219.jpg,final_method_vs_no_orthog/final_method/00127.jpg,final_method_vs_no_orthog/baseline/00029.jpg,final_method_vs_no_orthog/baseline/00126.jpg,final_method_vs_no_orthog/baseline/00096.jpg,training/baseline/00000.jpg,training/baseline/00001.jpg,training/baseline/00002.jpg,training/baseline/00003.jpg,final_method_vs_no_orthog/final_method/00040.jpg,final_method_vs_no_orthog/final_method/00167.jpg,final_method_vs_no_orthog/baseline/00147.jpg,final_method_vs_no_orthog/final_method/00280.jpg,final_method_vs_no_orthog/baseline/00136.jpg,final_method_vs_no_orthog/baseline/00218.jpg,final_method_vs_no_orthog/final_method/00135.jpg,final_method_vs_no_orthog/baseline/00219.jpg,final_method_vs_no_orthog/baseline/00127.jpg,final_method_vs_no_orthog/final_method/00029.jpg,final_method_vs_no_orthog/final_method/00126.jpg,final_method_vs_no_orthog/final_method/00096.jpg,training/gt/00000.jpg,training/gt/00001.jpg,training/gt/00002.jpg,training/gt/00003.jpg,final_method_vs_no_orthog/training/00040.jpg,final_method_vs_no_orthog/training/00167.jpg,final_method_vs_no_orthog/training/00147.jpg,final_method_vs_no_orthog/training/00280.jpg,final_method_vs_no_orthog/training/00136.jpg,final_method_vs_no_orthog/training/00218.jpg,final_method_vs_no_orthog/training/00135.jpg,final_method_vs_no_orthog/training/00219.jpg,final_method_vs_no_orthog/training/00127.jpg,final_method_vs_no_orthog/training/00029.jpg,final_method_vs_no_orthog/training/00126.jpg,final_method_vs_no_orthog/training/00096.jpg
